[
  {
    "model": "goods.listmodel",
    "pk": 1,
    "fields": {
      "goods_code": "PRD-1001",
      "goods_desc": "iPhone 15 Pro",
      "goods_supplier": "Apple Distribution",
      "goods_weight": 1.0,
      "goods_w": 10.0,
      "goods_d": 10.0,
      "goods_h": 10.0,
      "goods_unit": "pcs",
      "goods_class": "Electronics",
      "goods_brand": "Apple",
      "safety_stock": 10,
      "goods_cost": 980.0,
      "goods_price": 1299.0,
      "bar_code": "",
      "min_stock_level": 10,
      "reorder_point": 15,
      "expiry_date": null,
      "openid": "system",
      "created_by": 1,
      "is_delete": false,
      "create_time": "2026-03-12T16:15:38.363Z",
      "update_time": "2026-03-12T16:15:38.363Z"
    }
  },
  {
    "model": "goods.listmodel",
    "pk": 2,
    "fields": {
      "goods_code": "PRD-1002",
      "goods_desc": "Samsung Galaxy S24",
      "goods_supplier": "Samsung Trade Hub",
      "goods_weight": 1.0,
      "goods_w": 10.0,
      "goods_d": 10.0,
      "goods_h": 10.0,
      "goods_unit": "pcs",
      "goods_class": "Electronics",
      "goods_brand": "Samsung",
      "safety_stock": 10,
      "goods_cost": 850.0,
      "goods_price": 1199.0,
      "bar_code": "",
      "min_stock_level": 10,
      "reorder_point": 15,
      "expiry_date": null,
      "openid": "system",
      "created_by": 1,
      "is_delete": false,
      "create_time": "2026-03-12T16:15:38.707Z",
      "update_time": "2026-03-12T16:15:38.707Z"
    }
  },
  {
    "model": "goods.listmodel",
    "pk": 3,
    "fields": {
      "goods_code": "PRD-1003",
      "goods_desc": "MacBook Pro M3",
      "goods_supplier": "Apple Distribution",
      "goods_weight": 1.0,
      "goods_w": 10.0,
      "goods_d": 10.0,
      "goods_h": 10.0,
      "goods_unit": "pcs",
      "goods_class": "Electronics",
      "goods_brand": "Apple",
      "safety_stock": 10,
      "goods_cost": 1450.0,
      "goods_price": 1899.0,
      "bar_code": "",
      "min_stock_level": 10,
      "reorder_point": 15,
      "expiry_date": null,
      "openid": "system",
      "created_by": 1,
      "is_delete": false,
      "create_time": "2026-03-12T16:15:39.056Z",
      "update_time": "2026-03-12T16:15:39.056Z"
    }
  },
  {
    "model": "goods.listmodel",
    "pk": 4,
    "fields": {
      "goods_code": "PRD-1004",
      "goods_desc": "Dell XPS 15",
      "goods_supplier": "Home Essentials Ltd",
      "goods_weight": 1.0,
      "goods_w": 10.0,
      "goods_d": 10.0,
      "goods_h": 10.0,
      "goods_unit": "pcs",
      "goods_class": "Electronics",
      "goods_brand": "Dell",
      "safety_stock": 10,
      "goods_cost": 1100.0,
      "goods_price": 1549.0,
      "bar_code": "",
      "min_stock_level": 10,
      "reorder_point": 15,
      "expiry_date": null,
      "openid": "system",
      "created_by": 1,
      "is_delete": false,
      "create_time": "2026-03-12T16:15:39.090Z",
      "update_time": "2026-03-12T16:15:39.090Z"
    }
  },
  {
    "model": "goods.listmodel",
    "pk": 5,
    "fields": {
      "goods_code": "PRD-1005",
      "goods_desc": "Wireless Earbuds",
      "goods_supplier": "Smart Home Imports",
      "goods_weight": 1.0,
      "goods_w": 10.0,
      "goods_d": 10.0,
      "goods_h": 10.0,
      "goods_unit": "pcs",
      "goods_class": "Accessories",
      "goods_brand": "SoundCore",
      "safety_stock": 10,
      "goods_cost": 45.0,
      "goods_price": 89.0,
      "bar_code": "",
      "min_stock_level": 10,
      "reorder_point": 15,
      "expiry_date": null,
      "openid": "system",
      "created_by": 1,
      "is_delete": false,
      "create_time": "2026-03-12T16:15:39.141Z",
      "update_time": "2026-03-12T16:15:39.141Z"
    }
  },
  {
    "model": "goods.listmodel",
    "pk": 6,
    "fields": {
      "goods_code": "PRD-1006",
      "goods_desc": "Bluetooth Speaker",
      "goods_supplier": "Smart Home Imports",
      "goods_weight": 1.0,
      "goods_w": 10.0,
      "goods_d": 10.0,
      "goods_h": 10.0,
      "goods_unit": "pcs",
      "goods_class": "Accessories",
      "goods_brand": "JBL",
      "safety_stock": 10,
      "goods_cost": 55.0,
      "goods_price": 99.0,
      "bar_code": "",
      "min_stock_level": 10,
      "reorder_point": 15,
      "expiry_date": null,
      "openid": "system",
      "created_by": 1,
      "is_delete": false,
      "create_time": "2026-03-12T16:15:39.800Z",
      "update_time": "2026-03-12T16:15:39.800Z"
    }
  },
  {
    "model": "goods.listmodel",
    "pk": 7,
    "fields": {
      "goods_code": "PRD-1007",
      "goods_desc": "Running Shoes",
      "goods_supplier": "Athletic Pro Supply",
      "goods_weight": 1.0,
      "goods_w": 10.0,
      "goods_d": 10.0,
      "goods_h": 10.0,
      "goods_unit": "pcs",
      "goods_class": "Sports",
      "goods_brand": "Kalenji",
      "safety_stock": 10,
      "goods_cost": 38.0,
      "goods_price": 79.0,
      "bar_code": "",
      "min_stock_level": 10,
      "reorder_point": 15,
      "expiry_date": null,
      "openid": "system",
      "created_by": 1,
      "is_delete": false,
      "create_time": "2026-03-12T16:15:40.154Z",
      "update_time": "2026-03-12T16:15:40.154Z"
    }
  },
  {
    "model": "goods.listmodel",
    "pk": 8,
    "fields": {
      "goods_code": "PRD-1008",
      "goods_desc": "Smartwatch Pro",
      "goods_supplier": "Smart Home Imports",
      "goods_weight": 1.0,
      "goods_w": 10.0,
      "goods_d": 10.0,
      "goods_h": 10.0,
      "goods_unit": "pcs",
      "goods_class": "Wearables",
      "goods_brand": "FitPro",
      "safety_stock": 10,
      "goods_cost": 120.0,
      "goods_price": 219.0,
      "bar_code": "",
      "min_stock_level": 10,
      "reorder_point": 15,
      "expiry_date": null,
      "openid": "system",
      "created_by": 1,
      "is_delete": false,
      "create_time": "2026-03-12T16:15:40.847Z",
      "update_time": "2026-03-12T16:15:40.847Z"
    }
  },
  {
    "model": "goods.listmodel",
    "pk": 9,
    "fields": {
      "goods_code": "PRD-1009",
      "goods_desc": "Cordless Drill",
      "goods_supplier": "Home Essentials Ltd",
      "goods_weight": 1.0,
      "goods_w": 10.0,
      "goods_d": 10.0,
      "goods_h": 10.0,
      "goods_unit": "pcs",
      "goods_class": "Tools",
      "goods_brand": "Bosch",
      "safety_stock": 10,
      "goods_cost": 68.0,
      "goods_price": 129.0,
      "bar_code": "",
      "min_stock_level": 10,
      "reorder_point": 15,
      "expiry_date": null,
      "openid": "system",
      "created_by": 1,
      "is_delete": false,
      "create_time": "2026-03-12T16:15:40.894Z",
      "update_time": "2026-03-12T16:15:40.894Z"
    }
  },
  {
    "model": "goods.listmodel",
    "pk": 10,
    "fields": {
      "goods_code": "PRD-1010",
      "goods_desc": "Laser Measure",
      "goods_supplier": "Home Essentials Ltd",
      "goods_weight": 1.0,
      "goods_w": 10.0,
      "goods_d": 10.0,
      "goods_h": 10.0,
      "goods_unit": "pcs",
      "goods_class": "Tools",
      "goods_brand": "Bosch",
      "safety_stock": 10,
      "goods_cost": 28.0,
      "goods_price": 59.0,
      "bar_code": "",
      "min_stock_level": 10,
      "reorder_point": 15,
      "expiry_date": null,
      "openid": "system",
      "created_by": 1,
      "is_delete": false,
      "create_time": "2026-03-12T16:15:40.938Z",
      "update_time": "2026-03-12T16:15:40.938Z"
    }
  },
  {
    "model": "stock.stocklistmodel",
    "pk": 1,
    "fields": {
      "goods_code": "PRD-1001",
      "goods_desc": "iPhone 15 Pro",
      "goods_qty": 133,
      "onhand_stock": 133,
      "can_order_stock": 130,
      "ordered_stock": 0,
      "damage_stock": 3,
      "supplier": "Apple Distribution",
      "goods_image": "stock_images/iPhone_15_Pro_Max.webp",
      "create_time": "2026-03-12T16:15:38.381Z",
      "update_time": "2026-03-12T16:15:38.396Z",
      "openid": "system"
    }
  },
  {
    "model": "stock.stocklistmodel",
    "pk": 2,
    "fields": {
      "goods_code": "PRD-1002",
      "goods_desc": "Samsung Galaxy S24",
      "goods_qty": 149,
      "onhand_stock": 149,
      "can_order_stock": 148,
      "ordered_stock": 0,
      "damage_stock": 1,
      "supplier": "Samsung Trade Hub",
      "goods_image": "stock_images/Samsung_Galaxy_S24_Ultra.jpg",
      "create_time": "2026-03-12T16:15:39.021Z",
      "update_time": "2026-03-12T16:15:39.039Z",
      "openid": "system"
    }
  },
  {
    "model": "stock.stocklistmodel",
    "pk": 3,
    "fields": {
      "goods_code": "PRD-1003",
      "goods_desc": "MacBook Pro M3",
      "goods_qty": 142,
      "onhand_stock": 142,
      "can_order_stock": 137,
      "ordered_stock": 0,
      "damage_stock": 5,
      "supplier": "Apple Distribution",
      "goods_image": "stock_images/MacBook_Pro_M3.webp",
      "create_time": "2026-03-12T16:15:39.070Z",
      "update_time": "2026-03-12T16:15:39.080Z",
      "openid": "system"
    }
  },
  {
    "model": "stock.stocklistmodel",
    "pk": 4,
    "fields": {
      "goods_code": "PRD-1004",
      "goods_desc": "Dell XPS 15",
      "goods_qty": 162,
      "onhand_stock": 162,
      "can_order_stock": 160,
      "ordered_stock": 0,
      "damage_stock": 2,
      "supplier": "Home Essentials Ltd",
      "goods_image": "stock_images/Dell_XPS_15.jpg",
      "create_time": "2026-03-12T16:15:39.104Z",
      "update_time": "2026-03-12T16:15:39.122Z",
      "openid": "system"
    }
  },
  {
    "model": "stock.stocklistmodel",
    "pk": 5,
    "fields": {
      "goods_code": "PRD-1005",
      "goods_desc": "Wireless Earbuds",
      "goods_qty": 183,
      "onhand_stock": 183,
      "can_order_stock": 178,
      "ordered_stock": 0,
      "damage_stock": 5,
      "supplier": "Smart Home Imports",
      "goods_image": "stock_images/Wireless_Earbuds.webp",
      "create_time": "2026-03-12T16:15:39.157Z",
      "update_time": "2026-03-12T16:15:39.782Z",
      "openid": "system"
    }
  },
  {
    "model": "stock.stocklistmodel",
    "pk": 6,
    "fields": {
      "goods_code": "PRD-1006",
      "goods_desc": "Bluetooth Speaker",
      "goods_qty": 102,
      "onhand_stock": 102,
      "can_order_stock": 99,
      "ordered_stock": 0,
      "damage_stock": 3,
      "supplier": "Smart Home Imports",
      "goods_image": "stock_images/Bluetooth_Speaker.webp",
      "create_time": "2026-03-12T16:15:39.814Z",
      "update_time": "2026-03-12T16:15:40.136Z",
      "openid": "system"
    }
  },
  {
    "model": "stock.stocklistmodel",
    "pk": 7,
    "fields": {
      "goods_code": "PRD-1007",
      "goods_desc": "Running Shoes",
      "goods_qty": 139,
      "onhand_stock": 139,
      "can_order_stock": 134,
      "ordered_stock": 0,
      "damage_stock": 5,
      "supplier": "Athletic Pro Supply",
      "goods_image": "stock_images/Running_Shoes.webp",
      "create_time": "2026-03-12T16:15:40.169Z",
      "update_time": "2026-03-12T16:15:40.820Z",
      "openid": "system"
    }
  },
  {
    "model": "stock.stocklistmodel",
    "pk": 8,
    "fields": {
      "goods_code": "PRD-1008",
      "goods_desc": "Smartwatch Pro",
      "goods_qty": 133,
      "onhand_stock": 133,
      "can_order_stock": 131,
      "ordered_stock": 0,
      "damage_stock": 2,
      "supplier": "Smart Home Imports",
      "goods_image": "stock_images/Smartwatch_Pro.webp",
      "create_time": "2026-03-12T16:15:40.867Z",
      "update_time": "2026-03-12T16:15:40.882Z",
      "openid": "system"
    }
  },
  {
    "model": "stock.stocklistmodel",
    "pk": 9,
    "fields": {
      "goods_code": "PRD-1009",
      "goods_desc": "Cordless Drill",
      "goods_qty": 150,
      "onhand_stock": 150,
      "can_order_stock": 146,
      "ordered_stock": 0,
      "damage_stock": 4,
      "supplier": "Home Essentials Ltd",
      "goods_image": "stock_images/Cordless_Drill.webp",
      "create_time": "2026-03-12T16:15:40.907Z",
      "update_time": "2026-03-12T16:15:40.922Z",
      "openid": "system"
    }
  },
  {
    "model": "stock.stocklistmodel",
    "pk": 10,
    "fields": {
      "goods_code": "PRD-1010",
      "goods_desc": "Laser Measure",
      "goods_qty": 164,
      "onhand_stock": 164,
      "can_order_stock": 160,
      "ordered_stock": 0,
      "damage_stock": 4,
      "supplier": "Home Essentials Ltd",
      "goods_image": "stock_images/Laser_Measure.webp",
      "create_time": "2026-03-12T16:15:41.257Z",
      "update_time": "2026-03-12T16:15:41.275Z",
      "openid": "system"
    }
  },
  {
    "model": "warehouse.listmodel",
    "pk": 1,
    "fields": {
      "warehouse_name": "Main Warehouse",
      "warehouse_city": "Lagos",
      "warehouse_address": "1 Logistics Avenue",
      "warehouse_contact": "+2340000000",
      "warehouse_manager": "Warehouse Manager",
      "warehouse_image": null,
      "creater": "admin",
      "is_delete": false,
      "create_time": "2026-03-12T16:15:37.286Z",
      "update_time": "2026-03-12T16:15:37.286Z"
    }
  },
  {
    "model": "customer.listmodel",
    "pk": 1,
    "fields": {
      "customer_name": "Prime Retail",
      "customer_city": "Lagos",
      "customer_address": "Lagos Central",
      "customer_contact": "+2340000000",
      "customer_manager": "Sales Manager",
      "customer_level": 1,
      "openid": "system",
      "is_delete": false,
      "create_time": "2026-03-12T16:15:37.979Z",
      "update_time": "2026-03-12T16:15:37.979Z"
    }
  },
  {
    "model": "customer.listmodel",
    "pk": 2,
    "fields": {
      "customer_name": "City Market",
      "customer_city": "Abuja",
      "customer_address": "Abuja Central",
      "customer_contact": "+2340000000",
      "customer_manager": "Sales Manager",
      "customer_level": 1,
      "openid": "system",
      "is_delete": false,
      "create_time": "2026-03-12T16:15:37.998Z",
      "update_time": "2026-03-12T16:15:37.998Z"
    }
  },
  {
    "model": "customer.listmodel",
    "pk": 3,
    "fields": {
      "customer_name": "HomePro Stores",
      "customer_city": "Kano",
      "customer_address": "Kano Central",
      "customer_contact": "+2340000000",
      "customer_manager": "Sales Manager",
      "customer_level": 1,
      "openid": "system",
      "is_delete": false,
      "create_time": "2026-03-12T16:15:38.015Z",
      "update_time": "2026-03-12T16:15:38.015Z"
    }
  },
  {
    "model": "customer.listmodel",
    "pk": 4,
    "fields": {
      "customer_name": "Mega Mart",
      "customer_city": "Port Harcourt",
      "customer_address": "Port Harcourt Central",
      "customer_contact": "+2340000000",
      "customer_manager": "Sales Manager",
      "customer_level": 1,
      "openid": "system",
      "is_delete": false,
      "create_time": "2026-03-12T16:15:38.027Z",
      "update_time": "2026-03-12T16:15:38.027Z"
    }
  },
  {
    "model": "customer.listmodel",
    "pk": 5,
    "fields": {
      "customer_name": "Urban Commerce",
      "customer_city": "Lagos",
      "customer_address": "Lagos Central",
      "customer_contact": "+2340000000",
      "customer_manager": "Sales Manager",
      "customer_level": 1,
      "openid": "system",
      "is_delete": false,
      "create_time": "2026-03-12T16:15:38.339Z",
      "update_time": "2026-03-12T16:15:38.339Z"
    }
  },
  {
    "model": "supplier.listmodel",
    "pk": 1,
    "fields": {
      "supplier_name": "Apple Distribution",
      "supplier_city": "Lagos",
      "supplier_address": "Lagos Business District",
      "supplier_contact": "+2340000000",
      "supplier_manager": "Supplier Manager",
      "supplier_level": 1,
      "openid": "system",
      "is_delete": false,
      "is_marketplace_seller": true,
      "can_list_rentals": true,
      "can_list_storage": true,
      "create_time": "2026-03-12T16:15:37.299Z",
      "update_time": "2026-03-12T16:15:37.299Z"
    }
  },
  {
    "model": "supplier.listmodel",
    "pk": 2,
    "fields": {
      "supplier_name": "Samsung Trade Hub",
      "supplier_city": "Abuja",
      "supplier_address": "Abuja Business District",
      "supplier_contact": "+2340000000",
      "supplier_manager": "Supplier Manager",
      "supplier_level": 1,
      "openid": "system",
      "is_delete": false,
      "is_marketplace_seller": true,
      "can_list_rentals": true,
      "can_list_storage": true,
      "create_time": "2026-03-12T16:15:37.614Z",
      "update_time": "2026-03-12T16:15:37.614Z"
    }
  },
  {
    "model": "supplier.listmodel",
    "pk": 3,
    "fields": {
      "supplier_name": "Home Essentials Ltd",
      "supplier_city": "Port Harcourt",
      "supplier_address": "Port Harcourt Business District",
      "supplier_contact": "+2340000000",
      "supplier_manager": "Supplier Manager",
      "supplier_level": 1,
      "openid": "system",
      "is_delete": false,
      "is_marketplace_seller": true,
      "can_list_rentals": true,
      "can_list_storage": true,
      "create_time": "2026-03-12T16:15:37.633Z",
      "update_time": "2026-03-12T16:15:37.633Z"
    }
  },
  {
    "model": "supplier.listmodel",
    "pk": 4,
    "fields": {
      "supplier_name": "Athletic Pro Supply",
      "supplier_city": "Ibadan",
      "supplier_address": "Ibadan Business District",
      "supplier_contact": "+2340000000",
      "supplier_manager": "Supplier Manager",
      "supplier_level": 1,
      "openid": "system",
      "is_delete": false,
      "is_marketplace_seller": true,
      "can_list_rentals": true,
      "can_list_storage": true,
      "create_time": "2026-03-12T16:15:37.654Z",
      "update_time": "2026-03-12T16:15:37.654Z"
    }
  },
  {
    "model": "supplier.listmodel",
    "pk": 5,
    "fields": {
      "supplier_name": "Smart Home Imports",
      "supplier_city": "Enugu",
      "supplier_address": "Enugu Business District",
      "supplier_contact": "+2340000000",
      "supplier_manager": "Supplier Manager",
      "supplier_level": 1,
      "openid": "system",
      "is_delete": false,
      "is_marketplace_seller": true,
      "can_list_rentals": true,
      "can_list_storage": true,
      "create_time": "2026-03-12T16:15:37.668Z",
      "update_time": "2026-03-12T16:15:37.668Z"
    }
  },
  {
    "model": "orders.order",
    "pk": 1,
    "fields": {
      "order_number": "ORD-2026-0001",
      "order_type": "sale",
      "customer": 3,
      "customer_user": null,
      "supplier": 3,
      "status": "delivered",
      "payment_status": "paid",
      "total_amount": "8081.00",
      "discount_amount": "0.00",
      "delivery_fee": "40.00",
      "grand_total": "8121.00",
      "delivery_address": "Kano Central",
      "delivery_phone": "+2340000000",
      "payment_method": "bank_transfer",
      "delivery_date": null,
      "assigned_to": 1,
      "internal_notes": "",
      "openid": "system",
      "created_by": 1,
      "created_at": "2026-03-12T16:15:41.550Z",
      "updated_at": "2026-03-27T11:01:53.287Z"
    }
  },
  {
    "model": "orders.order",
    "pk": 2,
    "fields": {
      "order_number": "ORD-2026-0002",
      "order_type": "sale",
      "customer": 1,
      "customer_user": null,
      "supplier": 4,
      "status": "confirmed",
      "payment_status": "unpaid",
      "total_amount": "8971.00",
      "discount_amount": "0.00",
      "delivery_fee": "40.00",
      "grand_total": "9011.00",
      "delivery_address": "Lagos Central",
      "delivery_phone": "+2340000000",
      "payment_method": "cash",
      "delivery_date": null,
      "assigned_to": 1,
      "internal_notes": "",
      "openid": "system",
      "created_by": 1,
      "created_at": "2026-03-12T16:15:41.634Z",
      "updated_at": "2026-03-27T11:01:53.296Z"
    }
  },
  {
    "model": "orders.order",
    "pk": 3,
    "fields": {
      "order_number": "ORD-2026-0003",
      "order_type": "sale",
      "customer": 2,
      "customer_user": null,
      "supplier": 5,
      "status": "shipped",
      "payment_status": "paid",
      "total_amount": "7971.00",
      "discount_amount": "0.00",
      "delivery_fee": "40.00",
      "grand_total": "8011.00",
      "delivery_address": "Abuja Central",
      "delivery_phone": "+2340000000",
      "payment_method": "bank_transfer",
      "delivery_date": null,
      "assigned_to": 1,
      "internal_notes": "",
      "openid": "system",
      "created_by": 1,
      "created_at": "2026-03-12T16:15:41.697Z",
      "updated_at": "2026-03-27T11:01:53.304Z"
    }
  },
  {
    "model": "orders.order",
    "pk": 4,
    "fields": {
      "order_number": "ORD-2026-0004",
      "order_type": "sale",
      "customer": 1,
      "customer_user": null,
      "supplier": 3,
      "status": "confirmed",
      "payment_status": "unpaid",
      "total_amount": "2664.00",
      "discount_amount": "0.00",
      "delivery_fee": "40.00",
      "grand_total": "2704.00",
      "delivery_address": "Lagos Central",
      "delivery_phone": "+2340000000",
      "payment_method": "card",
      "delivery_date": null,
      "assigned_to": 1,
      "internal_notes": "",
      "openid": "system",
      "created_by": 1,
      "created_at": "2026-03-12T16:15:41.762Z",
      "updated_at": "2026-03-27T11:01:53.309Z"
    }
  },
  {
    "model": "orders.order",
    "pk": 5,
    "fields": {
      "order_number": "ORD-2026-0005",
      "order_type": "sale",
      "customer": 5,
      "customer_user": null,
      "supplier": 4,
      "status": "pending",
      "payment_status": "unpaid",
      "total_amount": "3423.00",
      "discount_amount": "0.00",
      "delivery_fee": "40.00",
      "grand_total": "3463.00",
      "delivery_address": "Lagos Central",
      "delivery_phone": "+2340000000",
      "payment_method": "cash",
      "delivery_date": null,
      "assigned_to": 1,
      "internal_notes": "",
      "openid": "system",
      "created_by": 1,
      "created_at": "2026-03-12T16:15:41.828Z",
      "updated_at": "2026-03-27T11:01:53.314Z"
    }
  },
  {
    "model": "orders.order",
    "pk": 6,
    "fields": {
      "order_number": "ORD-2026-0006",
      "order_type": "sale",
      "customer": 3,
      "customer_user": null,
      "supplier": 5,
      "status": "confirmed",
      "payment_status": "paid",
      "total_amount": "2853.00",
      "discount_amount": "0.00",
      "delivery_fee": "40.00",
      "grand_total": "2893.00",
      "delivery_address": "Kano Central",
      "delivery_phone": "+2340000000",
      "payment_method": "card",
      "delivery_date": null,
      "assigned_to": 1,
      "internal_notes": "",
      "openid": "system",
      "created_by": 1,
      "created_at": "2026-03-12T16:15:41.879Z",
      "updated_at": "2026-03-27T11:01:53.319Z"
    }
  },
  {
    "model": "orders.order",
    "pk": 7,
    "fields": {
      "order_number": "ORD-2026-0007",
      "order_type": "sale",
      "customer": 1,
      "customer_user": null,
      "supplier": 4,
      "status": "processing",
      "payment_status": "paid",
      "total_amount": "10691.00",
      "discount_amount": "0.00",
      "delivery_fee": "40.00",
      "grand_total": "10731.00",
      "delivery_address": "Lagos Central",
      "delivery_phone": "+2340000000",
      "payment_method": "card",
      "delivery_date": null,
      "assigned_to": 1,
      "internal_notes": "",
      "openid": "system",
      "created_by": 1,
      "created_at": "2026-03-12T16:15:41.938Z",
      "updated_at": "2026-03-27T11:01:53.324Z"
    }
  },
  {
    "model": "orders.order",
    "pk": 8,
    "fields": {
      "order_number": "ORD-2026-0008",
      "order_type": "sale",
      "customer": 3,
      "customer_user": null,
      "supplier": 5,
      "status": "pending",
      "payment_status": "unpaid",
      "total_amount": "8195.00",
      "discount_amount": "0.00",
      "delivery_fee": "40.00",
      "grand_total": "8235.00",
      "delivery_address": "Kano Central",
      "delivery_phone": "+2340000000",
      "payment_method": "card",
      "delivery_date": null,
      "assigned_to": 1,
      "internal_notes": "",
      "openid": "system",
      "created_by": 1,
      "created_at": "2026-03-12T16:15:42.004Z",
      "updated_at": "2026-03-27T11:01:53.329Z"
    }
  },
  {
    "model": "orders.order",
    "pk": 9,
    "fields": {
      "order_number": "ORD-2026-0009",
      "order_type": "sale",
      "customer": 4,
      "customer_user": null,
      "supplier": 2,
      "status": "delivered",
      "payment_status": "unpaid",
      "total_amount": "6870.00",
      "discount_amount": "0.00",
      "delivery_fee": "40.00",
      "grand_total": "6910.00",
      "delivery_address": "Port Harcourt Central",
      "delivery_phone": "+2340000000",
      "payment_method": "bank_transfer",
      "delivery_date": null,
      "assigned_to": 1,
      "internal_notes": "",
      "openid": "system",
      "created_by": 1,
      "created_at": "2026-03-12T16:15:42.083Z",
      "updated_at": "2026-03-27T11:01:53.337Z"
    }
  },
  {
    "model": "orders.order",
    "pk": 10,
    "fields": {
      "order_number": "ORD-2026-0010",
      "order_type": "sale",
      "customer": 4,
      "customer_user": null,
      "supplier": 5,
      "status": "pending",
      "payment_status": "paid",
      "total_amount": "7831.00",
      "discount_amount": "0.00",
      "delivery_fee": "40.00",
      "grand_total": "7871.00",
      "delivery_address": "Port Harcourt Central",
      "delivery_phone": "+2340000000",
      "payment_method": "cash",
      "delivery_date": null,
      "assigned_to": 1,
      "internal_notes": "",
      "openid": "system",
      "created_by": 1,
      "created_at": "2026-03-12T16:15:42.157Z",
      "updated_at": "2026-03-27T11:01:53.343Z"
    }
  },
  {
    "model": "orders.order",
    "pk": 11,
    "fields": {
      "order_number": "ORD-2026-0011",
      "order_type": "sale",
      "customer": 5,
      "customer_user": null,
      "supplier": 5,
      "status": "pending",
      "payment_status": "unpaid",
      "total_amount": "1311.00",
      "discount_amount": "0.00",
      "delivery_fee": "40.00",
      "grand_total": "1351.00",
      "delivery_address": "Lagos Central",
      "delivery_phone": "+2340000000",
      "payment_method": "card",
      "delivery_date": null,
      "assigned_to": 1,
      "internal_notes": "",
      "openid": "system",
      "created_by": 1,
      "created_at": "2026-03-12T16:15:42.219Z",
      "updated_at": "2026-03-27T11:01:53.348Z"
    }
  },
  {
    "model": "orders.order",
    "pk": 12,
    "fields": {
      "order_number": "ORD-2026-0012",
      "order_type": "sale",
      "customer": 3,
      "customer_user": null,
      "supplier": 1,
      "status": "delivered",
      "payment_status": "paid",
      "total_amount": "12550.00",
      "discount_amount": "0.00",
      "delivery_fee": "40.00",
      "grand_total": "12590.00",
      "delivery_address": "Kano Central",
      "delivery_phone": "+2340000000",
      "payment_method": "bank_transfer",
      "delivery_date": null,
      "assigned_to": 1,
      "internal_notes": "",
      "openid": "system",
      "created_by": 1,
      "created_at": "2026-03-12T16:15:42.287Z",
      "updated_at": "2026-03-27T11:01:53.356Z"
    }
  },
  {
    "model": "orders.orderitem",
    "pk": 1,
    "fields": {
      "order": 1,
      "product": 5,
      "product_name": "Wireless Earbuds",
      "quantity": 1,
      "unit_price": "89.00",
      "total_price": "89.00",
      "seller": "Smart Home Imports"
    }
  },
  {
    "model": "orders.orderitem",
    "pk": 2,
    "fields": {
      "order": 1,
      "product": 3,
      "product_name": "MacBook Pro M3",
      "quantity": 4,
      "unit_price": "1899.00",
      "total_price": "7596.00",
      "seller": "Apple Distribution"
    }
  },
  {
    "model": "orders.orderitem",
    "pk": 3,
    "fields": {
      "order": 1,
      "product": 6,
      "product_name": "Bluetooth Speaker",
      "quantity": 4,
      "unit_price": "99.00",
      "total_price": "396.00",
      "seller": "Smart Home Imports"
    }
  },
  {
    "model": "orders.orderitem",
    "pk": 4,
    "fields": {
      "order": 2,
      "product": 8,
      "product_name": "Smartwatch Pro",
      "quantity": 4,
      "unit_price": "219.00",
      "total_price": "876.00",
      "seller": "Smart Home Imports"
    }
  },
  {
    "model": "orders.orderitem",
    "pk": 5,
    "fields": {
      "order": 2,
      "product": 4,
      "product_name": "Dell XPS 15",
      "quantity": 4,
      "unit_price": "1549.00",
      "total_price": "6196.00",
      "seller": "Home Essentials Ltd"
    }
  },
  {
    "model": "orders.orderitem",
    "pk": 6,
    "fields": {
      "order": 2,
      "product": 3,
      "product_name": "MacBook Pro M3",
      "quantity": 1,
      "unit_price": "1899.00",
      "total_price": "1899.00",
      "seller": "Apple Distribution"
    }
  },
  {
    "model": "orders.orderitem",
    "pk": 7,
    "fields": {
      "order": 3,
      "product": 7,
      "product_name": "Running Shoes",
      "quantity": 4,
      "unit_price": "79.00",
      "total_price": "316.00",
      "seller": "Athletic Pro Supply"
    }
  },
  {
    "model": "orders.orderitem",
    "pk": 8,
    "fields": {
      "order": 3,
      "product": 10,
      "product_name": "Laser Measure",
      "quantity": 1,
      "unit_price": "59.00",
      "total_price": "59.00",
      "seller": "Home Essentials Ltd"
    }
  },
  {
    "model": "orders.orderitem",
    "pk": 9,
    "fields": {
      "order": 3,
      "product": 3,
      "product_name": "MacBook Pro M3",
      "quantity": 4,
      "unit_price": "1899.00",
      "total_price": "7596.00",
      "seller": "Apple Distribution"
    }
  },
  {
    "model": "orders.orderitem",
    "pk": 10,
    "fields": {
      "order": 4,
      "product": 5,
      "product_name": "Wireless Earbuds",
      "quantity": 1,
      "unit_price": "89.00",
      "total_price": "89.00",
      "seller": "Smart Home Imports"
    }
  },
  {
    "model": "orders.orderitem",
    "pk": 11,
    "fields": {
      "order": 4,
      "product": 10,
      "product_name": "Laser Measure",
      "quantity": 3,
      "unit_price": "59.00",
      "total_price": "177.00",
      "seller": "Home Essentials Ltd"
    }
  },
  {
    "model": "orders.orderitem",
    "pk": 12,
    "fields": {
      "order": 4,
      "product": 2,
      "product_name": "Samsung Galaxy S24",
      "quantity": 2,
      "unit_price": "1199.00",
      "total_price": "2398.00",
      "seller": "Samsung Trade Hub"
    }
  },
  {
    "model": "orders.orderitem",
    "pk": 13,
    "fields": {
      "order": 5,
      "product": 10,
      "product_name": "Laser Measure",
      "quantity": 4,
      "unit_price": "59.00",
      "total_price": "236.00",
      "seller": "Home Essentials Ltd"
    }
  },
  {
    "model": "orders.orderitem",
    "pk": 14,
    "fields": {
      "order": 5,
      "product": 5,
      "product_name": "Wireless Earbuds",
      "quantity": 1,
      "unit_price": "89.00",
      "total_price": "89.00",
      "seller": "Smart Home Imports"
    }
  },
  {
    "model": "orders.orderitem",
    "pk": 15,
    "fields": {
      "order": 5,
      "product": 4,
      "product_name": "Dell XPS 15",
      "quantity": 2,
      "unit_price": "1549.00",
      "total_price": "3098.00",
      "seller": "Home Essentials Ltd"
    }
  },
  {
    "model": "orders.orderitem",
    "pk": 16,
    "fields": {
      "order": 6,
      "product": 8,
      "product_name": "Smartwatch Pro",
      "quantity": 3,
      "unit_price": "219.00",
      "total_price": "657.00",
      "seller": "Smart Home Imports"
    }
  },
  {
    "model": "orders.orderitem",
    "pk": 17,
    "fields": {
      "order": 6,
      "product": 3,
      "product_name": "MacBook Pro M3",
      "quantity": 1,
      "unit_price": "1899.00",
      "total_price": "1899.00",
      "seller": "Apple Distribution"
    }
  },
  {
    "model": "orders.orderitem",
    "pk": 18,
    "fields": {
      "order": 6,
      "product": 6,
      "product_name": "Bluetooth Speaker",
      "quantity": 3,
      "unit_price": "99.00",
      "total_price": "297.00",
      "seller": "Smart Home Imports"
    }
  },
  {
    "model": "orders.orderitem",
    "pk": 19,
    "fields": {
      "order": 7,
      "product": 6,
      "product_name": "Bluetooth Speaker",
      "quantity": 2,
      "unit_price": "99.00",
      "total_price": "198.00",
      "seller": "Smart Home Imports"
    }
  },
  {
    "model": "orders.orderitem",
    "pk": 20,
    "fields": {
      "order": 7,
      "product": 3,
      "product_name": "MacBook Pro M3",
      "quantity": 3,
      "unit_price": "1899.00",
      "total_price": "5697.00",
      "seller": "Apple Distribution"
    }
  },
  {
    "model": "orders.orderitem",
    "pk": 21,
    "fields": {
      "order": 7,
      "product": 2,
      "product_name": "Samsung Galaxy S24",
      "quantity": 4,
      "unit_price": "1199.00",
      "total_price": "4796.00",
      "seller": "Samsung Trade Hub"
    }
  },
  {
    "model": "orders.orderitem",
    "pk": 22,
    "fields": {
      "order": 8,
      "product": 1,
      "product_name": "iPhone 15 Pro",
      "quantity": 1,
      "unit_price": "1299.00",
      "total_price": "1299.00",
      "seller": "Apple Distribution"
    }
  },
  {
    "model": "orders.orderitem",
    "pk": 23,
    "fields": {
      "order": 8,
      "product": 4,
      "product_name": "Dell XPS 15",
      "quantity": 2,
      "unit_price": "1549.00",
      "total_price": "3098.00",
      "seller": "Home Essentials Ltd"
    }
  },
  {
    "model": "orders.orderitem",
    "pk": 24,
    "fields": {
      "order": 8,
      "product": 3,
      "product_name": "MacBook Pro M3",
      "quantity": 2,
      "unit_price": "1899.00",
      "total_price": "3798.00",
      "seller": "Apple Distribution"
    }
  },
  {
    "model": "orders.orderitem",
    "pk": 25,
    "fields": {
      "order": 9,
      "product": 9,
      "product_name": "Cordless Drill",
      "quantity": 4,
      "unit_price": "129.00",
      "total_price": "516.00",
      "seller": "Home Essentials Ltd"
    }
  },
  {
    "model": "orders.orderitem",
    "pk": 26,
    "fields": {
      "order": 9,
      "product": 7,
      "product_name": "Running Shoes",
      "quantity": 2,
      "unit_price": "79.00",
      "total_price": "158.00",
      "seller": "Athletic Pro Supply"
    }
  },
  {
    "model": "orders.orderitem",
    "pk": 27,
    "fields": {
      "order": 9,
      "product": 4,
      "product_name": "Dell XPS 15",
      "quantity": 4,
      "unit_price": "1549.00",
      "total_price": "6196.00",
      "seller": "Home Essentials Ltd"
    }
  },
  {
    "model": "orders.orderitem",
    "pk": 28,
    "fields": {
      "order": 10,
      "product": 7,
      "product_name": "Running Shoes",
      "quantity": 3,
      "unit_price": "79.00",
      "total_price": "237.00",
      "seller": "Athletic Pro Supply"
    }
  },
  {
    "model": "orders.orderitem",
    "pk": 29,
    "fields": {
      "order": 10,
      "product": 2,
      "product_name": "Samsung Galaxy S24",
      "quantity": 2,
      "unit_price": "1199.00",
      "total_price": "2398.00",
      "seller": "Samsung Trade Hub"
    }
  },
  {
    "model": "orders.orderitem",
    "pk": 30,
    "fields": {
      "order": 10,
      "product": 1,
      "product_name": "iPhone 15 Pro",
      "quantity": 4,
      "unit_price": "1299.00",
      "total_price": "5196.00",
      "seller": "Apple Distribution"
    }
  },
  {
    "model": "orders.orderitem",
    "pk": 31,
    "fields": {
      "order": 11,
      "product": 6,
      "product_name": "Bluetooth Speaker",
      "quantity": 4,
      "unit_price": "99.00",
      "total_price": "396.00",
      "seller": "Smart Home Imports"
    }
  },
  {
    "model": "orders.orderitem",
    "pk": 32,
    "fields": {
      "order": 11,
      "product": 8,
      "product_name": "Smartwatch Pro",
      "quantity": 3,
      "unit_price": "219.00",
      "total_price": "657.00",
      "seller": "Smart Home Imports"
    }
  },
  {
    "model": "orders.orderitem",
    "pk": 33,
    "fields": {
      "order": 11,
      "product": 9,
      "product_name": "Cordless Drill",
      "quantity": 2,
      "unit_price": "129.00",
      "total_price": "258.00",
      "seller": "Home Essentials Ltd"
    }
  },
  {
    "model": "orders.orderitem",
    "pk": 34,
    "fields": {
      "order": 12,
      "product": 2,
      "product_name": "Samsung Galaxy S24",
      "quantity": 4,
      "unit_price": "1199.00",
      "total_price": "4796.00",
      "seller": "Samsung Trade Hub"
    }
  },
  {
    "model": "orders.orderitem",
    "pk": 35,
    "fields": {
      "order": 12,
      "product": 3,
      "product_name": "MacBook Pro M3",
      "quantity": 4,
      "unit_price": "1899.00",
      "total_price": "7596.00",
      "seller": "Apple Distribution"
    }
  },
  {
    "model": "orders.orderitem",
    "pk": 36,
    "fields": {
      "order": 12,
      "product": 7,
      "product_name": "Running Shoes",
      "quantity": 2,
      "unit_price": "79.00",
      "total_price": "158.00",
      "seller": "Athletic Pro Supply"
    }
  },
  {
    "model": "rentals.rentalcategory",
    "pk": 1,
    "fields": {
      "name": "Equipment",
      "category_type": "equipment",
      "description": "Construction and industrial equipment",
      "image": "",
      "specifications": {},
      "created_at": "2026-03-18T20:55:45.806Z"
    }
  },
  {
    "model": "rentals.rentalcategory",
    "pk": 2,
    "fields": {
      "name": "Vehicles",
      "category_type": "vehicle",
      "description": "Cars, trucks, and transportation",
      "image": "",
      "specifications": {},
      "created_at": "2026-03-18T20:55:45.837Z"
    }
  },
  {
    "model": "rentals.rentalcategory",
    "pk": 3,
    "fields": {
      "name": "Events",
      "category_type": "event",
      "description": "Event and party equipment",
      "image": "",
      "specifications": {},
      "created_at": "2026-03-18T20:55:45.855Z"
    }
  },
  {
    "model": "rentals.rentalitem",
    "pk": 1,
    "fields": {
      "category": 1,
      "name": "Power Drill Set",
      "description": "Professional cordless power drill with multiple bits and carrying case. Perfect for construction and DIY projects.",
      "image": "",
      "specifications": {},
      "status": "available",
      "hourly_rate": "50.00",
      "daily_rate": "300.00",
      "weekly_rate": "1800.00",
      "monthly_rate": "6000.00",
      "created_by": null,
      "created_at": "2026-03-18T20:55:45.875Z",
      "updated_by": null,
      "updated_at": "2026-03-18T20:55:45.875Z"
    }
  },
  {
    "model": "rentals.rentalitem",
    "pk": 2,
    "fields": {
      "category": 1,
      "name": "Concrete Mixer",
      "description": "Heavy-duty concrete mixer for construction sites. 150L capacity with electric motor.",
      "image": "",
      "specifications": {},
      "status": "available",
      "hourly_rate": "100.00",
      "daily_rate": "600.00",
      "weekly_rate": "3500.00",
      "monthly_rate": "12000.00",
      "created_by": null,
      "created_at": "2026-03-18T20:55:45.887Z",
      "updated_by": null,
      "updated_at": "2026-03-18T20:55:45.887Z"
    }
  },
  {
    "model": "rentals.rentalitem",
    "pk": 3,
    "fields": {
      "category": 1,
      "name": "Scaffolding Set",
      "description": "Complete scaffolding system with platforms and safety rails. Suitable for 3-story buildings.",
      "image": "",
      "specifications": {},
      "status": "available",
      "hourly_rate": "0.00",
      "daily_rate": "800.00",
      "weekly_rate": "5000.00",
      "monthly_rate": "18000.00",
      "created_by": null,
      "created_at": "2026-03-18T20:55:45.898Z",
      "updated_by": null,
      "updated_at": "2026-03-18T20:55:45.898Z"
    }
  },
  {
    "model": "rentals.rentalitem",
    "pk": 4,
    "fields": {
      "category": 2,
      "name": "Pickup Truck",
      "description": "Toyota Hilux 4x4 pickup truck with 1-ton payload capacity. Ideal for material transport.",
      "image": "",
      "specifications": {},
      "status": "available",
      "hourly_rate": "200.00",
      "daily_rate": "1500.00",
      "weekly_rate": "9000.00",
      "monthly_rate": "30000.00",
      "created_by": null,
      "created_at": "2026-03-18T20:55:45.906Z",
      "updated_by": null,
      "updated_at": "2026-03-18T20:55:45.906Z"
    }
  },
  {
    "model": "rentals.rentalitem",
    "pk": 5,
    "fields": {
      "category": 2,
      "name": "Cargo Van",
      "description": "Spacious cargo van with 3m\u00b3 loading space. Perfect for deliveries and moving.",
      "image": "",
      "specifications": {},
      "status": "available",
      "hourly_rate": "150.00",
      "daily_rate": "1000.00",
      "weekly_rate": "6000.00",
      "monthly_rate": "20000.00",
      "created_by": null,
      "created_at": "2026-03-18T20:55:45.916Z",
      "updated_by": null,
      "updated_at": "2026-03-18T20:55:45.916Z"
    }
  },
  {
    "model": "rentals.rentalitem",
    "pk": 6,
    "fields": {
      "category": 2,
      "name": "Forklift",
      "description": "3-ton capacity forklift with 5m lift height. Diesel powered for warehouse operations.",
      "image": "",
      "specifications": {},
      "status": "available",
      "hourly_rate": "250.00",
      "daily_rate": "1800.00",
      "weekly_rate": "11000.00",
      "monthly_rate": "40000.00",
      "created_by": null,
      "created_at": "2026-03-18T20:55:45.927Z",
      "updated_by": null,
      "updated_at": "2026-03-18T20:55:45.927Z"
    }
  },
  {
    "model": "rentals.rentalitem",
    "pk": 7,
    "fields": {
      "category": 3,
      "name": "Wedding Tent Package",
      "description": "Complete wedding tent setup for 200 guests including tables, chairs, and lighting.",
      "image": "",
      "specifications": {},
      "status": "available",
      "hourly_rate": "0.00",
      "daily_rate": "5000.00",
      "weekly_rate": "30000.00",
      "monthly_rate": "0.00",
      "created_by": null,
      "created_at": "2026-03-18T20:55:45.942Z",
      "updated_by": null,
      "updated_at": "2026-03-18T20:55:45.942Z"
    }
  },
  {
    "model": "rentals.rentalitem",
    "pk": 8,
    "fields": {
      "category": 3,
      "name": "Sound System Pro",
      "description": "Professional PA system with speakers, mixer, and microphones. Suitable for events up to 500 people.",
      "image": "",
      "specifications": {},
      "status": "available",
      "hourly_rate": "300.00",
      "daily_rate": "2000.00",
      "weekly_rate": "12000.00",
      "monthly_rate": "40000.00",
      "created_by": null,
      "created_at": "2026-03-18T20:55:45.962Z",
      "updated_by": null,
      "updated_at": "2026-03-18T20:55:45.962Z"
    }
  },
  {
    "model": "rentals.rentalitem",
    "pk": 9,
    "fields": {
      "category": 3,
      "name": "LED Stage Lighting",
      "description": "Complete LED stage lighting package with DMX controller and moving heads.",
      "image": "",
      "specifications": {},
      "status": "available",
      "hourly_rate": "200.00",
      "daily_rate": "1500.00",
      "weekly_rate": "9000.00",
      "monthly_rate": "30000.00",
      "created_by": null,
      "created_at": "2026-03-18T20:55:45.974Z",
      "updated_by": null,
      "updated_at": "2026-03-18T20:55:45.974Z"
    }
  },
  {
    "model": "rentals.rentalitem",
    "pk": 10,
    "fields": {
      "category": 1,
      "name": "Generator 10KVA",
      "description": "Silent diesel generator with 10KVA output. Automatic voltage regulation and fuel efficiency.",
      "image": "",
      "specifications": {},
      "status": "available",
      "hourly_rate": "150.00",
      "daily_rate": "1000.00",
      "weekly_rate": "6000.00",
      "monthly_rate": "20000.00",
      "created_by": null,
      "created_at": "2026-03-18T20:55:45.985Z",
      "updated_by": null,
      "updated_at": "2026-03-18T20:55:45.985Z"
    }
  },
  {
    "model": "storage.storageunit",
    "pk": 1,
    "fields": {
      "unit_number": "CS-101",
      "type": "locker",
      "size_sqft": "50.00",
      "location": "Building A",
      "floor": 1,
      "zone": "Zone A",
      "status": "available",
      "price_per_month": "3000.00",
      "features": {
        "humidity_control": true,
        "temperature_monitoring": true,
        "access_logs": true,
        "fireproofing": false,
        "insurance_coverage": true
      },
      "access_code": "",
      "is_climate_controlled": true,
      "image": "",
      "created_by": null,
      "created_at": "2026-03-18T20:55:47.944Z",
      "updated_by": null,
      "updated_at": "2026-03-18T20:55:47.944Z"
    }
  },
  {
    "model": "storage.storageunit",
    "pk": 2,
    "fields": {
      "unit_number": "DS-102",
      "type": "mini",
      "size_sqft": "100.00",
      "location": "Building A",
      "floor": 1,
      "zone": "Zone B",
      "status": "available",
      "price_per_month": "2500.00",
      "features": {
        "humidity_control": false,
        "temperature_monitoring": false,
        "access_logs": true,
        "fireproofing": false,
        "insurance_coverage": true
      },
      "access_code": "",
      "is_climate_controlled": false,
      "image": "",
      "created_by": null,
      "created_at": "2026-03-18T20:55:47.957Z",
      "updated_by": null,
      "updated_at": "2026-03-18T20:55:47.958Z"
    }
  },
  {
    "model": "storage.storageunit",
    "pk": 3,
    "fields": {
      "unit_number": "PR-201",
      "type": "standard",
      "size_sqft": "200.00",
      "location": "Building B",
      "floor": 2,
      "zone": "Zone A",
      "status": "available",
      "price_per_month": "5000.00",
      "features": {
        "humidity_control": false,
        "temperature_monitoring": false,
        "access_logs": true,
        "fireproofing": true,
        "insurance_coverage": true
      },
      "access_code": "",
      "is_climate_controlled": false,
      "image": "",
      "created_by": null,
      "created_at": "2026-03-18T20:55:47.975Z",
      "updated_by": null,
      "updated_at": "2026-03-18T20:55:47.975Z"
    }
  },
  {
    "model": "storage.storageunit",
    "pk": 4,
    "fields": {
      "unit_number": "BC-202",
      "type": "large",
      "size_sqft": "500.00",
      "location": "Building B",
      "floor": 2,
      "zone": "Zone B",
      "status": "available",
      "price_per_month": "10000.00",
      "features": {
        "humidity_control": false,
        "temperature_monitoring": false,
        "access_logs": true,
        "fireproofing": true,
        "insurance_coverage": true
      },
      "access_code": "",
      "is_climate_controlled": false,
      "image": "",
      "created_by": null,
      "created_at": "2026-03-18T20:55:47.991Z",
      "updated_by": null,
      "updated_at": "2026-03-18T20:55:47.991Z"
    }
  },
  {
    "model": "storage.storageunit",
    "pk": 5,
    "fields": {
      "unit_number": "AV-301",
      "type": "standard",
      "size_sqft": "150.00",
      "location": "Building C",
      "floor": 3,
      "zone": "Zone A",
      "status": "available",
      "price_per_month": "4000.00",
      "features": {
        "humidity_control": true,
        "temperature_monitoring": true,
        "access_logs": true,
        "fireproofing": true,
        "insurance_coverage": true
      },
      "access_code": "",
      "is_climate_controlled": true,
      "image": "",
      "created_by": null,
      "created_at": "2026-03-18T20:55:48.003Z",
      "updated_by": null,
      "updated_at": "2026-03-18T20:55:48.003Z"
    }
  },
  {
    "model": "storage.storageunit",
    "pk": 6,
    "fields": {
      "unit_number": "ML-302",
      "type": "locker",
      "size_sqft": "25.00",
      "location": "Building C",
      "floor": 3,
      "zone": "Zone B",
      "status": "available",
      "price_per_month": "1500.00",
      "features": {
        "humidity_control": false,
        "temperature_monitoring": false,
        "access_logs": true,
        "fireproofing": false,
        "insurance_coverage": true
      },
      "access_code": "",
      "is_climate_controlled": false,
      "image": "",
      "created_by": null,
      "created_at": "2026-03-18T20:55:48.011Z",
      "updated_by": null,
      "updated_at": "2026-03-18T20:55:48.011Z"
    }
  },
  {
    "model": "storage.storageunit",
    "pk": 7,
    "fields": {
      "unit_number": "SL-401",
      "type": "mini",
      "size_sqft": "75.00",
      "location": "Building D",
      "floor": 4,
      "zone": "Zone A",
      "status": "available",
      "price_per_month": "2000.00",
      "features": {
        "humidity_control": false,
        "temperature_monitoring": false,
        "access_logs": true,
        "fireproofing": false,
        "insurance_coverage": true
      },
      "access_code": "",
      "is_climate_controlled": false,
      "image": "",
      "created_by": null,
      "created_at": "2026-03-18T20:55:48.017Z",
      "updated_by": null,
      "updated_at": "2026-03-18T20:55:48.017Z"
    }
  },
  {
    "model": "storage.storageunit",
    "pk": 8,
    "fields": {
      "unit_number": "LL-402",
      "type": "standard",
      "size_sqft": "120.00",
      "location": "Building D",
      "floor": 4,
      "zone": "Zone B",
      "status": "available",
      "price_per_month": "3500.00",
      "features": {
        "humidity_control": false,
        "temperature_monitoring": false,
        "access_logs": true,
        "fireproofing": true,
        "insurance_coverage": true
      },
      "access_code": "",
      "is_climate_controlled": false,
      "image": "",
      "created_by": null,
      "created_at": "2026-03-18T20:55:48.024Z",
      "updated_by": null,
      "updated_at": "2026-03-18T20:55:48.024Z"
    }
  },
  {
    "model": "storage.storageunit",
    "pk": 9,
    "fields": {
      "unit_number": "CC-103",
      "type": "large",
      "size_sqft": "300.00",
      "location": "Building A",
      "floor": 1,
      "zone": "Zone C",
      "status": "available",
      "price_per_month": "8000.00",
      "features": {
        "humidity_control": true,
        "temperature_monitoring": true,
        "access_logs": true,
        "fireproofing": true,
        "insurance_coverage": true
      },
      "access_code": "",
      "is_climate_controlled": true,
      "image": "",
      "created_by": null,
      "created_at": "2026-03-18T20:55:48.034Z",
      "updated_by": null,
      "updated_at": "2026-03-18T20:55:48.034Z"
    }
  },
  {
    "model": "storage.storageunit",
    "pk": 10,
    "fields": {
      "unit_number": "SV-203",
      "type": "standard",
      "size_sqft": "180.00",
      "location": "Building B",
      "floor": 2,
      "zone": "Zone C",
      "status": "available",
      "price_per_month": "6000.00",
      "features": {
        "humidity_control": true,
        "temperature_monitoring": true,
        "access_logs": true,
        "fireproofing": true,
        "insurance_coverage": true
      },
      "access_code": "",
      "is_climate_controlled": true,
      "image": "",
      "created_by": null,
      "created_at": "2026-03-18T20:55:48.047Z",
      "updated_by": null,
      "updated_at": "2026-03-18T20:55:48.047Z"
    }
  },
  {
    "model": "lockers.lockertype",
    "pk": 1,
    "fields": {
      "name": "Personal Locker",
      "size": "small",
      "description": "",
      "hourly_rate": "20.00",
      "daily_rate": "100.00",
      "weekly_rate": "600.00",
      "monthly_rate": "2000.00",
      "has_climate_control": false,
      "has_security_monitoring": true,
      "is_active": true,
      "created_at": "2026-03-18T20:55:50.035Z",
      "updated_at": "2026-03-18T20:55:50.035Z"
    }
  },
  {
    "model": "lockers.lockertype",
    "pk": 2,
    "fields": {
      "name": "Parcel Locker",
      "size": "medium",
      "description": "",
      "hourly_rate": "30.00",
      "daily_rate": "150.00",
      "weekly_rate": "900.00",
      "monthly_rate": "3000.00",
      "has_climate_control": false,
      "has_security_monitoring": true,
      "is_active": true,
      "created_at": "2026-03-18T20:55:50.063Z",
      "updated_at": "2026-03-18T20:55:50.063Z"
    }
  },
  {
    "model": "lockers.lockertype",
    "pk": 3,
    "fields": {
      "name": "Refrigerated Locker",
      "size": "medium",
      "description": "",
      "hourly_rate": "50.00",
      "daily_rate": "250.00",
      "weekly_rate": "1500.00",
      "monthly_rate": "5000.00",
      "has_climate_control": true,
      "has_security_monitoring": true,
      "is_active": true,
      "created_at": "2026-03-18T20:55:50.072Z",
      "updated_at": "2026-03-18T20:55:50.072Z"
    }
  },
  {
    "model": "lockers.lockertype",
    "pk": 4,
    "fields": {
      "name": "Document Vault",
      "size": "small",
      "description": "",
      "hourly_rate": "25.00",
      "daily_rate": "120.00",
      "weekly_rate": "700.00",
      "monthly_rate": "2500.00",
      "has_climate_control": true,
      "has_security_monitoring": true,
      "is_active": true,
      "created_at": "2026-03-18T20:55:50.083Z",
      "updated_at": "2026-03-18T20:55:50.083Z"
    }
  },
  {
    "model": "lockers.lockertype",
    "pk": 5,
    "fields": {
      "name": "Luggage Locker",
      "size": "large",
      "description": "",
      "hourly_rate": "40.00",
      "daily_rate": "200.00",
      "weekly_rate": "1200.00",
      "monthly_rate": "4000.00",
      "has_climate_control": false,
      "has_security_monitoring": true,
      "is_active": true,
      "created_at": "2026-03-18T20:55:50.097Z",
      "updated_at": "2026-03-18T20:55:50.097Z"
    }
  },
  {
    "model": "lockers.locker",
    "pk": 1,
    "fields": {
      "locker_number": "L-A101",
      "locker_type": 1,
      "location": "Building A, Floor 1, Section A",
      "status": "available",
      "access_code": "",
      "image": "",
      "notes": "",
      "last_maintenance": null,
      "is_active": true,
      "created_by": null,
      "created_at": "2026-03-18T20:55:50.116Z",
      "updated_by": null,
      "updated_at": "2026-03-18T20:55:50.116Z"
    }
  },
  {
    "model": "lockers.locker",
    "pk": 2,
    "fields": {
      "locker_number": "L-A102",
      "locker_type": 2,
      "location": "Building A, Floor 1, Section A",
      "status": "available",
      "access_code": "",
      "image": "",
      "notes": "",
      "last_maintenance": null,
      "is_active": true,
      "created_by": null,
      "created_at": "2026-03-18T20:55:50.139Z",
      "updated_by": null,
      "updated_at": "2026-03-18T20:55:50.139Z"
    }
  },
  {
    "model": "lockers.locker",
    "pk": 3,
    "fields": {
      "locker_number": "L-B201",
      "locker_type": 3,
      "location": "Building B, Floor 2, Section A",
      "status": "available",
      "access_code": "",
      "image": "",
      "notes": "",
      "last_maintenance": null,
      "is_active": true,
      "created_by": null,
      "created_at": "2026-03-18T20:55:50.150Z",
      "updated_by": null,
      "updated_at": "2026-03-18T20:55:50.150Z"
    }
  },
  {
    "model": "lockers.locker",
    "pk": 4,
    "fields": {
      "locker_number": "L-B202",
      "locker_type": 4,
      "location": "Building B, Floor 2, Section B",
      "status": "available",
      "access_code": "",
      "image": "",
      "notes": "",
      "last_maintenance": null,
      "is_active": true,
      "created_by": null,
      "created_at": "2026-03-18T20:55:50.161Z",
      "updated_by": null,
      "updated_at": "2026-03-18T20:55:50.161Z"
    }
  },
  {
    "model": "lockers.locker",
    "pk": 5,
    "fields": {
      "locker_number": "L-C301",
      "locker_type": 5,
      "location": "Building C, Floor 3, Section A",
      "status": "available",
      "access_code": "",
      "image": "",
      "notes": "",
      "last_maintenance": null,
      "is_active": true,
      "created_by": null,
      "created_at": "2026-03-18T20:55:50.168Z",
      "updated_by": null,
      "updated_at": "2026-03-18T20:55:50.168Z"
    }
  },
  {
    "model": "lockers.locker",
    "pk": 6,
    "fields": {
      "locker_number": "L-C302",
      "locker_type": 1,
      "location": "Building C, Floor 3, Section B",
      "status": "available",
      "access_code": "",
      "image": "",
      "notes": "",
      "last_maintenance": null,
      "is_active": true,
      "created_by": null,
      "created_at": "2026-03-18T20:55:50.176Z",
      "updated_by": null,
      "updated_at": "2026-03-18T20:55:50.176Z"
    }
  },
  {
    "model": "lockers.locker",
    "pk": 7,
    "fields": {
      "locker_number": "L-D401",
      "locker_type": 2,
      "location": "Building D, Floor 4, Section A",
      "status": "available",
      "access_code": "",
      "image": "",
      "notes": "",
      "last_maintenance": null,
      "is_active": true,
      "created_by": null,
      "created_at": "2026-03-18T20:55:50.185Z",
      "updated_by": null,
      "updated_at": "2026-03-18T20:55:50.185Z"
    }
  },
  {
    "model": "lockers.locker",
    "pk": 8,
    "fields": {
      "locker_number": "L-D402",
      "locker_type": 3,
      "location": "Building D, Floor 4, Section B",
      "status": "available",
      "access_code": "",
      "image": "",
      "notes": "",
      "last_maintenance": null,
      "is_active": true,
      "created_by": null,
      "created_at": "2026-03-18T20:55:50.197Z",
      "updated_by": null,
      "updated_at": "2026-03-18T20:55:50.197Z"
    }
  },
  {
    "model": "lockers.locker",
    "pk": 9,
    "fields": {
      "locker_number": "L-A103",
      "locker_type": 4,
      "location": "Building A, Floor 1, Section B",
      "status": "available",
      "access_code": "",
      "image": "",
      "notes": "",
      "last_maintenance": null,
      "is_active": true,
      "created_by": null,
      "created_at": "2026-03-18T20:55:50.213Z",
      "updated_by": null,
      "updated_at": "2026-03-18T20:55:50.213Z"
    }
  },
  {
    "model": "lockers.locker",
    "pk": 10,
    "fields": {
      "locker_number": "L-B203",
      "locker_type": 5,
      "location": "Building B, Floor 2, Section C",
      "status": "available",
      "access_code": "",
      "image": "",
      "notes": "",
      "last_maintenance": null,
      "is_active": true,
      "created_by": null,
      "created_at": "2026-03-18T20:55:50.228Z",
      "updated_by": null,
      "updated_at": "2026-03-18T20:55:50.228Z"
    }
  }
]